"Status","Start Time","Stop Time","Duration in ms","Parent Suite","Suite","Sub Suite","Test Class","Test Method","Name","Description"
"passed","Fri Nov 17 17:33:28 WAT 2023","Fri Nov 17 17:33:33 WAT 2023","4161","","","","","","Get Order Copy",""
"passed","Fri Nov 17 17:33:33 WAT 2023","Fri Nov 17 17:33:34 WAT 2023","1729","","","","","","get orders",""
"passed","Fri Nov 17 17:33:23 WAT 2023","Fri Nov 17 17:33:25 WAT 2023","1532","","","","","","Task4",""
"passed","Fri Nov 17 17:34:00 WAT 2023","Fri Nov 17 17:34:00 WAT 2023","249","","","","","","TASK2_iii",""
"passed","Fri Nov 17 17:33:34 WAT 2023","Fri Nov 17 17:33:46 WAT 2023","11398","","","","","","Generate token",""
"passed","Fri Nov 17 17:33:25 WAT 2023","Fri Nov 17 17:33:28 WAT 2023","3369","","","","","","Get Order",""
"passed","Fri Nov 17 17:33:46 WAT 2023","Fri Nov 17 17:33:59 WAT 2023","12899","","","","","","googleSearch",""
"passed","Fri Nov 17 17:33:59 WAT 2023","Fri Nov 17 17:34:00 WAT 2023","925","","","","","","TASK2-i",""
"passed","Fri Nov 17 17:33:11 WAT 2023","Fri Nov 17 17:33:23 WAT 2023","12355","","","","","","Task3",""
"passed","Fri Nov 17 17:34:00 WAT 2023","Fri Nov 17 17:34:00 WAT 2023","293","","","","","","TASK2_ii",""
